{
    "desc": "atompairs_1024",
    "scaling": "scaled",
    "method": "SVR",
    "C": 534501806.51727116,
    "kernel": "poly",
    "coef0": 0.4069567063013697,
    "ntrials": 1000,
    "cv_splits": 5,
    "cv_repeats": 5,
    "jobs": 30,
    "timeout": 2000,
    "earlystop": [
        0,
        1
    ]
}